,funding_momentum
2026-09-26 00:00:00+00:00,10013.466995984534
2026-09-27 00:00:00+00:00,10014.640324187345
2026-09-28 00:00:00+00:00,9964.911383548691
2026-09-29 00:00:00+00:00,9971.350317475522
2026-09-30 00:00:00+00:00,9968.857947226077
2026-10-01 00:00:00+00:00,10021.064550117311
2026-10-02 00:00:00+00:00,10063.284063927698
2026-10-03 00:00:00+00:00,10066.425342117125
2026-10-04 00:00:00+00:00,10091.720724280356
2026-10-05 00:00:00+00:00,10080.643767800979
2026-10-06 00:00:00+00:00,10068.58503918845
2026-10-07 00:00:00+00:00,9968.565900255417
2026-10-08 00:00:00+00:00,9968.565900255417
2026-10-09 00:00:00+00:00,9968.565900255417
