run_at,data_through,id,closed_trades,open_positions,return,profit_factor,max_drawdown
2026-09-26T08:48+00:00,2026-09-26 00:00:00+00:00,trend_pullback_4h,0,0,0.0,0.0,0.0
2026-09-26T08:48+00:00,2026-09-26 00:00:00+00:00,funding_momentum_1h,0,0,0.0,0.0,0.0
2026-09-26T08:48+00:00,2026-09-26 00:00:00+00:00,vol_breakout_4h,0,0,0.0,0.0,0.0
2026-09-27T09:30+00:00,2026-09-27 00:00:00+00:00,trend_pullback_4h,0,0,0.0,0.0,0.0
2026-09-27T09:30+00:00,2026-09-27 00:00:00+00:00,funding_momentum_1h,0,1,0.0010522384422013698,inf,0.001297097884004006
2026-09-27T09:30+00:00,2026-09-27 00:00:00+00:00,vol_breakout_4h,0,0,0.0,0.0,0.0
2026-09-28T10:07+00:00,2026-09-28 00:00:00+00:00,trend_pullback_4h,0,0,0.0,0.0,0.0
2026-09-28T10:07+00:00,2026-09-28 00:00:00+00:00,funding_momentum_1h,0,1,0.0011692687133082469,inf,0.004157801764323454
2026-09-28T10:07+00:00,2026-09-28 00:00:00+00:00,vol_breakout_4h,0,0,0.0,0.0,0.0
2026-09-29T10:06+00:00,2026-09-29 00:00:00+00:00,trend_pullback_4h,0,0,0.0,0.0,0.0
2026-09-29T10:06+00:00,2026-09-29 00:00:00+00:00,funding_momentum_1h,1,1,-0.003752765366202615,0.3220729531664508,0.011140885206788798
2026-09-29T10:06+00:00,2026-09-29 00:00:00+00:00,vol_breakout_4h,0,0,0.0,0.0,0.0
